GEO.id,GEO.id2,GEO.display-label,HD01_VD01,HD02_VD01,HD01_VD02,HD02_VD02,HD01_VD03,HD02_VD03,HD01_VD04,HD02_VD04,HD01_VD05,HD02_VD05,HD01_VD06,HD02_VD06
Id,Id2,Geography,Estimate; Total:,Margin of Error; Total:,Estimate; In family households:,Margin of Error; In family households:,Estimate; In family households: - In married-couple family,Margin of Error; In family households: - In married-couple family,"Estimate; In family households: - In male householder, no wife present, family","Margin of Error; In family households: - In male householder, no wife present, family","Estimate; In family households: - In female householder, no husband present, family","Margin of Error; In family households: - In female householder, no husband present, family",Estimate; In nonfamily households,Margin of Error; In nonfamily households
3100000US10140,10140,"Aberdeen, WA Micro Area",15505,294,15456,312,11552,972,944,567,2960,938,49,83
3100000US10180,10180,"Abilene, TX Metro Area",38901,738,38507,817,28116,1793,1461,992,8930,1637,394,447
3100000US10300,10300,"Adrian, MI Micro Area",22880,217,22825,223,17544,1155,1278,639,4003,980,55,78
3100000US10380,10380,"Aguadilla-Isabela-San Sebastián, PR Metro Area",81360,1327,80920,1440,45275,4263,6155,1960,29490,3646,440,462
3100000US10420,10420,"Akron, OH Metro Area",158697,1395,158297,1417,109264,3636,8533,1813,40500,3594,400,254
3100000US10500,10500,"Albany, GA Metro Area",41662,2255,41595,2264,19948,2858,2349,1092,19298,3027,67,111
3100000US10540,10540,"Albany-Lebanon, OR Micro Area",27471,187,27143,395,18578,1842,2129,1114,6436,1664,328,352
3100000US10580,10580,"Albany-Schenectady-Troy, NY Metro Area",180592,567,179748,787,125576,3563,14881,2390,39291,2850,844,589
3100000US10700,10700,"Albertville, AL Micro Area",23045,647,22914,660,16241,1742,767,494,5906,1918,131,168
3100000US10740,10740,"Albuquerque, NM Metro Area",208484,1712,208004,1750,136195,6000,16006,2954,55803,5083,480,359
3100000US10780,10780,"Alexandria, LA Metro Area",38231,804,38055,789,22708,2021,2697,1136,12650,1881,176,157
3100000US10880,10880,"Allegan, MI Micro Area",28572,504,28183,618,23000,1342,818,651,4365,1044,389,398
3100000US10900,10900,"Allentown-Bethlehem-Easton, PA-NJ Metro Area",181757,621,179918,1222,125019,4142,10877,2522,44022,3277,1839,1118
3100000US11020,11020,"Altoona, PA Metro Area",26568,154,26380,245,16701,1505,2396,991,7283,1458,188,183
3100000US11100,11100,"Amarillo, TX Metro Area",63694,822,63539,834,37696,2926,5997,2121,19846,2576,155,240
3100000US11180,11180,"Ames, IA Metro Area",15259,421,15176,408,11863,1089,1053,748,2260,854,83,137
3100000US11260,11260,"Anchorage, AK Metro Area",94360,246,93485,619,66085,3704,9394,2282,18006,3105,875,572
3100000US11300,11300,"Anderson, IN Metro Area",29837,245,29178,543,17212,1588,2774,1192,9192,1381,659,483
3100000US11340,11340,"Anderson, SC Metro Area",43447,375,43447,375,29683,2185,2063,962,11701,2164,0,287
3100000US11460,11460,"Ann Arbor, MI Metro Area",73580,550,73478,554,55368,2518,4544,1524,13566,2161,102,111
3100000US11500,11500,"Anniston-Oxford, AL Metro Area",25800,550,25518,556,15735,1920,2341,1177,7442,1859,282,280
3100000US11540,11540,"Appleton, WI Metro Area",55652,348,55322,408,44213,1879,3717,1293,7392,1574,330,296
3100000US11700,11700,"Asheville, NC Metro Area",86222,1519,85632,1611,58997,4017,6499,2413,20136,2801,590,518
3100000US11780,11780,"Ashtabula, OH Micro Area",23283,487,23080,525,15884,1682,1970,951,5226,1424,203,170
3100000US11980,11980,"Athens, TX Micro Area",18033,322,17872,418,12888,1677,817,596,4167,1638,161,252
3100000US12020,12020,"Athens-Clarke County, GA Metro Area",43433,2915,43183,2902,24996,3446,2465,2046,15722,2856,250,267
3100000US12060,12060,"Atlanta-Sandy Springs-Marietta, GA Metro Area",1435458,5318,1425264,5967,954566,15692,79752,8108,390946,14408,10194,2647
3100000US12100,12100,"Atlantic City-Hammonton, NJ Metro Area",64443,281,63941,727,37540,3154,3793,1393,22608,3158,502,776
3100000US12180,12180,"Auburn, NY Micro Area",16417,331,16335,347,11168,1167,1462,525,3705,1014,82,107
3100000US12220,12220,"Auburn-Opelika, AL Metro Area",29240,321,29240,321,20644,1178,1659,905,6937,1333,0,271
3100000US12260,12260,"Augusta-Richmond County, GA-SC Metro Area",137180,2151,136436,2399,78108,4407,8635,2143,49693,4051,744,1087
3100000US12300,12300,"Augusta-Waterville, ME Micro Area",25199,663,24496,938,17689,1574,1858,881,4949,1258,703,739
3100000US12420,12420,"Austin-Round Rock, TX Metro Area",426544,2993,424618,2848,302541,8231,25680,3599,96397,6834,1926,958
3100000US12540,12540,"Bakersfield, CA Metro Area",238584,543,236011,1443,152796,6204,24575,4388,58640,5303,2573,1245
3100000US12580,12580,"Baltimore-Towson, MD Metro Area",626580,1259,623615,1858,412069,8348,38938,4872,172608,8466,2965,1347
3100000US12620,12620,"Bangor, ME Metro Area",30006,498,29509,829,20683,1836,2196,810,6630,1718,497,537
3100000US12700,12700,"Barnstable Town, MA Metro Area",38778,581,38358,748,29513,2021,1964,1168,6881,1903,420,452
3100000US12940,12940,"Baton Rouge, LA Metro Area",197725,1669,196547,1850,115898,4886,16198,3470,64451,4742,1178,854
3100000US12980,12980,"Battle Creek, MI Metro Area",32273,363,32025,425,19580,2024,4126,1427,8319,1762,248,199
3100000US13020,13020,"Bay City, MI Metro Area",23749,263,23624,358,16393,1648,1924,956,5307,1613,125,206
3100000US13140,13140,"Beaumont-Port Arthur, TX Metro Area",92654,1427,92040,1388,57614,3774,6162,2017,28264,3683,614,415
3100000US13180,13180,"Beaver Dam, WI Micro Area",18690,397,18669,397,13981,969,1662,509,3026,781,21,26
3100000US13220,13220,"Beckley, WV Micro Area",16063,240,16036,244,10085,1496,1117,671,4834,1510,27,48
3100000US13380,13380,"Bellingham, WA Metro Area",42806,413,42383,558,30721,2376,1987,899,9675,2007,423,364
3100000US13460,13460,"Bend, OR Metro Area",35341,255,35341,255,28960,1949,2281,1023,4100,1451,0,275
3100000US13740,13740,"Billings, MT Metro Area",35664,722,35436,780,23480,2429,3018,1113,8938,2263,228,286
3100000US13780,13780,"Binghamton, NY Metro Area",49679,361,49358,476,32185,2426,5169,1656,12004,2382,321,310
3100000US13820,13820,"Birmingham-Hoover, AL Metro Area",273178,1589,273104,1601,186481,5377,11885,2731,74738,5293,74,107
3100000US13900,13900,"Bismarck, ND Metro Area",23267,387,23241,391,18189,1373,721,407,4331,1328,26,42
3100000US13980,13980,"Blacksburg-Christiansburg-Radford, VA Metro Area",25811,1468,25549,1459,17814,1876,1085,549,6650,1412,262,294
3100000US14020,14020,"Bloomington, IN Metro Area",35064,1011,35064,1011,22655,2338,1375,615,11034,2159,0,265
3100000US14060,14060,"Bloomington-Normal, IL Metro Area",37465,141,37223,353,28727,1799,1314,881,7182,1721,242,331
3100000US14100,14100,"Bloomsburg-Berwick, PA Micro Area",15552,1092,15508,1089,10864,1324,1429,755,3215,822,44,54
3100000US14140,14140,"Bluefield, WV-VA Micro Area",21802,483,21505,565,13632,1768,1994,987,5879,1452,297,279
3100000US14260,14260,"Boise City-Nampa, ID Metro Area",164202,1519,162076,1876,123566,4228,11000,2563,27510,3392,2126,1241
3100000US14460,14460,"Boston-Cambridge-Quincy, MA-NH Metro Area",995845,1203,990045,2014,725076,11134,49996,5767,214973,10781,5800,1689
3100000US14500,14500,"Boulder, CO Metro Area",61734,77,61550,195,49001,2364,4075,1456,8474,2230,184,178
3100000US14540,14540,"Bowling Green, KY Metro Area",26920,804,26495,906,14971,2808,4234,3042,7290,1914,425,330
3100000US14580,14580,"Bozeman, MT Micro Area",19128,1396,18962,1440,14747,1510,1661,883,2554,728,166,278
3100000US14600,14600,"Bradenton-Sarasota-Venice, FL Metro Area",126380,737,125564,1033,78874,4114,8239,2338,38451,4315,816,646
3100000US14660,14660,"Brainerd, MN Micro Area",20252,235,20252,235,14253,1072,2296,735,3703,954,0,211
3100000US14700,14700,"Branson, MO Micro Area",16401,1432,15588,1725,10577,1728,1361,615,3650,1269,813,833
3100000US14740,14740,"Bremerton-Silverdale, WA Metro Area",55401,149,54850,519,37890,2571,3359,1218,13601,2490,551,457
3100000US14860,14860,"Bridgeport-Stamford-Norwalk, CT Metro Area",221297,1045,220850,1119,168773,5210,10294,2194,41783,4780,447,348
3100000US15180,15180,"Brownsville-Harlingen, TX Metro Area",132987,436,131543,1129,88539,4890,5858,1761,37146,5080,1444,1047
3100000US15260,15260,"Brunswick, GA Metro Area",24855,1654,24080,1716,15566,2091,1580,1103,6934,1489,775,724
3100000US15380,15380,"Buffalo-Niagara Falls, NY Metro Area",240715,721,239679,917,158262,4248,13917,2674,67500,4405,1036,574
3100000US15500,15500,"Burlington, NC Metro Area",35321,278,34963,419,19871,1723,1072,718,14020,1800,358,313
3100000US15540,15540,"Burlington-South Burlington, VT Metro Area",46138,637,45913,674,31351,2208,3243,1258,11319,2053,225,226
3100000US15940,15940,"Canton-Massillon, OH Metro Area",92105,912,91260,1098,64276,3019,6311,2019,20673,2511,845,496
3100000US15980,15980,"Cape Coral-Fort Myers, FL Metro Area",122909,767,122164,917,83015,4675,10423,3854,28726,4577,745,534
3100000US16020,16020,"Cape Girardeau-Jackson, MO-IL Micro Area",21177,1226,20979,1280,14404,1653,484,322,6091,1090,198,259
3100000US16220,16220,"Casper, WY Metro Area",17710,754,17710,754,14086,1395,1159,862,2465,808,0,261
3100000US16300,16300,"Cedar Rapids, IA Metro Area",61967,414,61709,468,45605,2128,3882,1182,12222,1891,258,282
3100000US16500,16500,"Centralia, WA Micro Area",16874,621,16057,1055,12754,1396,1019,648,2284,998,817,834
3100000US16540,16540,"Chambersburg, PA Micro Area",32813,182,32589,292,21489,2151,4662,1589,6438,1640,224,225
3100000US16580,16580,"Champaign-Urbana, IL Metro Area",44833,1033,44264,1122,29872,1908,4492,1810,9900,1702,569,427
3100000US16620,16620,"Charleston, WV Metro Area",64941,1008,64554,1151,44108,2775,3375,964,17071,2711,387,416
3100000US16700,16700,"Charleston-North Charleston-Summerville, SC Metro Area",157208,800,156791,855,99021,5144,9209,2195,48561,4706,417,395
3100000US16740,16740,"Charlotte-Gastonia-Concord, NC-SC Metro Area",444710,1489,440583,2434,302693,7227,30734,3596,107156,6469,4127,2019
3100000US16820,16820,"Charlottesville, VA Metro Area",40526,2407,40082,2504,30949,2772,2050,1114,7083,1386,444,416
3100000US16860,16860,"Chattanooga, TN-GA Metro Area",117931,2180,117537,2284,81047,3553,6283,2060,30207,3225,394,439
3100000US16940,16940,"Cheyenne, WY Metro Area",22221,541,22167,550,13847,1901,2368,1216,5952,1349,54,85
3100000US16980,16980,"Chicago-Naperville-Joliet, IL-IN-WI Metro Area",2444762,1928,2433792,3323,1690679,17169,149009,10508,594104,16744,10970,2438
3100000US17020,17020,"Chico, CA Metro Area",45448,555,45137,624,28281,2619,4397,1679,12459,2550,311,279
3100000US17060,17060,"Chillicothe, OH Micro Area",16643,3,16643,3,9556,1545,2080,872,5007,1346,0,265
3100000US17140,17140,"Cincinnati-Middletown, OH-KY-IN Metro Area",538461,1582,534273,2073,364208,8044,39132,5297,130933,6686,4188,1377
3100000US17220,17220,"Clarksburg, WV Micro Area",21172,2050,20983,2040,11913,1654,1193,636,7877,2211,189,248
3100000US17300,17300,"Clarksville, TN-KY Metro Area",74519,1431,73799,1569,42787,3418,5453,1942,25559,3100,720,844
3100000US17340,17340,"Clearlake, CA Micro Area",13979,8,13226,571,8650,1368,958,748,3618,1364,753,571
3100000US17420,17420,"Cleveland, TN Metro Area",25540,1102,24759,1231,19846,1980,703,614,4210,1647,781,775
3100000US17460,17460,"Cleveland-Elyria-Mentor, OH Metro Area",489271,731,487112,1147,317716,7336,28735,3412,140661,7240,2159,857
3100000US17660,17660,"Coeur d'Alene, ID Metro Area",33377,482,33150,577,24986,1983,1809,843,6355,1720,227,237
3100000US17780,17780,"College Station-Bryan, TX Metro Area",48603,1812,48059,1876,30709,2537,3207,1490,14143,2531,544,841
3100000US17820,17820,"Colorado Springs, CO Metro Area",156519,1331,155883,1419,114546,4310,10571,2544,30766,3321,636,606
3100000US17860,17860,"Columbia, MO Metro Area",36043,720,35630,825,25532,2042,2458,1058,7640,1925,413,326
3100000US17900,17900,"Columbia, SC Metro Area",173262,2550,171865,2635,105880,4574,10444,1959,55541,4253,1397,847
3100000US17940,17940,"Columbia, TN Micro Area",20079,8,19768,444,12587,1894,783,575,6398,1888,311,444
3100000US17980,17980,"Columbus, GA-AL Metro Area",74225,2142,73761,2196,39987,3074,4870,2056,28904,2903,464,470
3100000US18020,18020,"Columbus, IN Metro Area",19191,541,18919,685,13431,1336,1907,949,3581,1451,272,295
3100000US18140,18140,"Columbus, OH Metro Area",450328,1232,447607,1939,303829,7187,30266,3872,113512,7557,2721,1213
3100000US18180,18180,"Concord, NH Micro Area",31769,469,31470,743,23502,2083,2040,1132,5928,1800,299,463
3100000US18260,18260,"Cookeville, TN Micro Area",23855,1843,23855,1843,17731,1923,781,620,5343,1534,0,281
3100000US18300,18300,"Coos Bay, OR Micro Area",12320,1079,12180,1090,6845,1447,1286,792,4049,1433,140,159
3100000US18500,18500,"Corning, NY Micro Area",21461,442,20928,544,15500,858,1917,566,3511,773,533,384
3100000US18580,18580,"Corpus Christi, TX Metro Area",110826,1493,109908,1514,65926,4540,9567,2646,34415,4809,918,706
3100000US18700,18700,"Corvallis, OR Metro Area",14431,268,14431,268,10615,1200,879,583,2937,1163,0,275
3100000US18980,18980,"Cullman, AL Micro Area",18225,1032,18207,1035,14216,1125,1136,740,2855,1479,18,32
3100000US19060,19060,"Cumberland, MD-WV Metro Area",18720,594,18267,882,12788,1428,771,455,4708,1438,453,555
3100000US19100,19100,"Dallas-Fort Worth-Arlington, TX Metro Area",1753238,2620,1744974,3108,1229107,15350,106006,8996,409861,16270,8264,2066
3100000US19140,19140,"Dalton, GA Metro Area",39252,668,39064,699,30137,2542,1423,836,7504,2122,188,225
3100000US19180,19180,"Danville, IL Metro Area",19340,105,18180,998,10909,1629,1885,1233,5386,1331,1160,990
3100000US19260,19260,"Danville, VA Metro Area",20877,1485,20877,1485,13280,1555,1885,862,5712,1513,0,285
3100000US19300,19300,"Daphne-Fairhope-Foley, AL Micro Area",40702,662,40535,702,28823,2462,1029,690,10683,2455,167,209
3100000US19340,19340,"Davenport-Moline-Rock Island, IA-IL Metro Area",89677,1449,89412,1423,59186,3627,7557,1766,22669,3142,265,220
3100000US19380,19380,"Dayton, OH Metro Area",192405,700,189748,1131,123559,4171,14542,3159,51647,4261,2657,936
3100000US19460,19460,"Decatur, AL Metro Area",35135,677,35089,680,25080,1534,3122,1251,6887,1503,46,78
3100000US19500,19500,"Decatur, IL Metro Area",24562,67,24122,369,15909,1409,1360,777,6853,1463,440,361
3100000US19660,19660,"Deltona-Daytona Beach-Ormond Beach, FL Metro Area",96330,534,95687,665,62789,4130,7236,2154,25662,3715,643,444
3100000US19740,19740,"Denver-Aurora, CO Metro Area",633770,1840,631240,2184,452272,10733,43076,5201,135892,9027,2530,982
3100000US19780,19780,"Des Moines-West Des Moines, IA Metro Area",144859,1267,144194,1293,107658,4099,11175,2067,25361,3829,665,783
3100000US19820,19820,"Detroit-Warren-Livonia, MI Metro Area",1088139,1434,1082340,2093,706486,10627,68107,7151,307747,9136,5799,1643
3100000US20020,20020,"Dothan, AL Metro Area",33894,197,33594,337,19608,1634,2915,1192,11071,1565,300,287
3100000US20100,20100,"Dover, DE Metro Area",39116,285,39090,289,26714,2025,2817,1213,9559,2132,26,50
3100000US20180,20180,"DuBois, PA Micro Area",15806,1197,15628,1199,10400,1418,1260,706,3968,1151,178,175
3100000US20220,20220,"Dubuque, IA Metro Area",22316,4,22248,90,16062,1254,1323,683,4863,1152,68,90
3100000US20260,20260,"Duluth, MN-WI Metro Area",55287,838,54864,896,38913,1965,3816,1026,12135,2029,423,253
3100000US20380,20380,"Dunn, NC Micro Area",29793,307,29618,364,19235,1826,2866,1420,7517,1579,175,235
3100000US20500,20500,"Durham, NC Metro Area",110726,342,110403,482,73108,3508,8939,2327,28356,3451,323,268
3100000US20620,20620,"East Liverpool-Salem, OH Micro Area",23231,124,22948,307,15485,2140,1699,906,5764,2001,283,281
3100000US20700,20700,"East Stroudsburg, PA Micro Area",38898,211,38406,672,27907,2325,1583,790,8916,2086,492,638
3100000US20740,20740,"Eau Claire, WI Metro Area",34336,571,34143,611,26071,1629,1502,812,6570,1367,193,228
3100000US20940,20940,"El Centro, CA Metro Area",47830,763,47830,763,29311,2999,2878,1105,15641,3020,0,294
3100000US21060,21060,"Elizabethtown, KY Metro Area",28896,1029,28585,1051,20787,2406,1396,872,6402,1935,311,338
3100000US21140,21140,"Elkhart-Goshen, IN Metro Area",55887,306,54113,1239,38502,2652,5704,2342,9907,2070,1774,1203
3100000US21300,21300,"Elmira, NY Metro Area",19231,549,19231,549,13015,1484,833,702,5383,1643,0,277
3100000US21340,21340,"El Paso, TX Metro Area",228143,2031,227992,2001,142581,7060,14142,2992,71269,5930,151,185
3100000US21460,21460,"Enterprise-Ozark, AL Micro Area",24045,148,23595,445,16570,1393,1937,710,5088,1207,450,406
3100000US21500,21500,"Erie, PA Metro Area",63141,270,61851,921,38087,2585,3867,1381,19897,2373,1290,897
3100000US21660,21660,"Eugene-Springfield, OR Metro Area",67333,1663,66378,1660,42555,2913,9113,2588,14710,2445,955,515
3100000US21700,21700,"Eureka-Arcata-Fortuna, CA Micro Area",26024,207,25730,349,14880,1694,3246,1178,7604,1381,294,308
3100000US21780,21780,"Evansville, IN-KY Metro Area",81625,1295,81047,1300,52704,2882,5405,1906,22938,2990,578,354
3100000US21820,21820,"Fairbanks, AK Metro Area",27476,1121,27286,1135,19813,2362,2164,1056,5309,2193,190,307
3100000US21940,21940,"Fajardo, PR Metro Area",20718,1422,20541,1403,8510,1766,1659,905,10372,1722,177,303
3100000US22020,22020,"Fargo, ND-MN Metro Area",43500,867,43470,865,31800,1763,2276,882,9394,1904,30,50
3100000US22140,22140,"Farmington, NM Metro Area",33876,233,33876,233,21677,2156,3415,1356,8784,1989,0,279
3100000US22180,22180,"Fayetteville, NC Metro Area",99325,922,98618,1046,52901,3845,8669,2858,37048,3854,707,578
3100000US22220,22220,"Fayetteville-Springdale-Rogers, AR-MO Metro Area",119375,1597,118100,1807,86695,3844,7311,1856,24094,3363,1275,820
3100000US22300,22300,"Findlay, OH Micro Area",16857,282,16452,432,13336,965,757,444,2359,843,405,369
3100000US22380,22380,"Flagstaff, AZ Metro Area",32590,406,32011,899,18831,2506,4240,1898,8940,2350,579,749
3100000US22420,22420,"Flint, MI Metro Area",107578,1020,105785,1690,63591,4262,6547,2101,35647,4262,1793,1253
3100000US22500,22500,"Florence, SC Metro Area",47991,774,47630,782,25652,2506,1979,748,19999,2480,361,410
3100000US22520,22520,"Florence-Muscle Shoals, AL Metro Area",30372,460,30186,527,22641,1712,1357,879,6188,1541,186,234
3100000US22540,22540,"Fond du Lac, WI Metro Area",21989,464,21989,464,18692,1041,1095,626,2202,874,0,216
3100000US22660,22660,"Fort Collins-Loveland, CO Metro Area",62571,156,62008,525,49933,2076,3521,1138,8554,1988,563,477
3100000US22840,22840,"Fort Payne, AL Micro Area",16707,366,16707,366,10376,1524,1480,1171,4851,1615,0,271
3100000US22900,22900,"Fort Smith, AR-OK Metro Area",74754,1353,74649,1331,49450,3160,4227,1522,20972,3286,105,131
3100000US23020,23020,"Fort Walton Beach-Crestview-Destin, FL Metro Area",42460,314,42022,471,30729,2667,1906,880,9387,2771,438,360
3100000US23060,23060,"Fort Wayne, IN Metro Area",107259,1611,106116,1749,67587,3302,10090,2917,28439,3287,1143,920
3100000US23180,23180,"Frankfort, KY Micro Area",14614,1725,14544,1724,9595,1770,729,555,4220,1436,70,130
3100000US23420,23420,"Fresno, CA Metro Area",270103,372,268824,860,169199,7019,25464,5008,74161,6891,1279,764
3100000US23460,23460,"Gadsden, AL Metro Area",23577,391,23044,629,15852,1723,1151,649,6041,1525,533,452
3100000US23540,23540,"Gainesville, FL Metro Area",48994,1564,48579,1673,30633,2828,2856,1235,15090,2990,415,483
3100000US23580,23580,"Gainesville, GA Metro Area",53073,162,52377,1047,37890,3506,5314,2136,9173,2620,696,1048
3100000US23660,23660,"Galesburg, IL Micro Area",13898,1052,13445,1155,9275,1302,1002,552,3168,963,453,393
3100000US23700,23700,"Gallup, NM Micro Area",22059,326,22059,326,11505,2116,3745,1631,6809,1939,0,279
3100000US23900,23900,"Gettysburg, PA Micro Area",22146,149,22007,203,16015,1378,1501,744,4491,1257,139,141
3100000US24020,24020,"Glens Falls, NY Metro Area",25385,481,25378,475,18123,1462,2347,997,4908,1363,7,16
3100000US24140,24140,"Goldsboro, NC Metro Area",28979,264,28817,362,18582,1475,2132,1005,8103,1306,162,267
3100000US24220,24220,"Grand Forks, ND-MN Metro Area",20448,873,20341,873,15047,1555,784,398,4510,1333,107,158
3100000US24260,24260,"Grand Island, NE Micro Area",19519,962,18451,1081,12347,1669,1314,794,4790,1413,1068,951
3100000US24300,24300,"Grand Junction, CO Metro Area",32843,304,32623,411,24877,1852,2251,960,5495,1669,220,257
3100000US24340,24340,"Grand Rapids-Wyoming, MI Metro Area",202790,1551,201734,1521,145624,4457,9982,1993,46128,4406,1056,496
3100000US24420,24420,"Grants Pass, OR Micro Area",16667,532,16634,535,10119,1486,2037,1332,4478,1491,33,57
3100000US24500,24500,"Great Falls, MT Metro Area",19855,601,19688,612,14156,1521,343,251,5189,1556,167,197
3100000US24540,24540,"Greeley, CO Metro Area",68006,585,67615,710,52727,2677,4084,1641,10804,2442,391,323
3100000US24580,24580,"Green Bay, WI Metro Area",72454,176,71417,1174,52359,2886,4519,1381,14539,2218,1037,1150
3100000US24620,24620,"Greeneville, TN Micro Area",13193,1610,13105,1604,8365,1433,1140,663,3600,1165,88,107
3100000US24660,24660,"Greensboro-High Point, NC Metro Area",166041,462,165487,664,110147,4635,12278,2518,43062,4345,554,491
3100000US24780,24780,"Greenville, NC Metro Area",40939,1223,40734,1254,23088,2164,2922,1293,14724,2104,205,235
3100000US24860,24860,"Greenville-Mauldin-Easley, SC Metro Area",147557,758,146703,789,100003,4093,8834,2096,37866,3895,854,518
3100000US24940,24940,"Greenwood, SC Micro Area",16693,100,16693,100,9704,1405,621,478,6368,1325,0,287
3100000US25020,25020,"Guayama, PR Metro Area",21360,1616,21360,1616,9886,2283,2538,1141,8936,2355,0,289
3100000US25060,25060,"Gulfport-Biloxi, MS Metro Area",60458,1549,59808,1747,39099,3304,4437,2060,16272,3040,650,776
3100000US25180,25180,"Hagerstown-Martinsburg, MD-WV Metro Area",62983,975,61166,1508,41396,3148,6273,2154,13497,2736,1817,1135
3100000US25220,25220,"Hammond, LA Micro Area",30925,144,30143,763,20136,1734,1131,1203,8876,1633,782,745
3100000US25260,25260,"Hanford-Corcoran, CA Metro Area",40493,344,39775,829,27822,2574,3714,1242,8239,2155,718,733
3100000US25420,25420,"Harrisburg-Carlisle, PA Metro Area",116186,389,114457,1064,79918,2902,7502,2416,27037,2585,1729,1015
3100000US25500,25500,"Harrisonburg, VA Metro Area",24242,738,24072,707,18836,1653,1879,913,3357,1270,170,200
3100000US25540,25540,"Hartford-West Hartford-East Hartford, CT Metro Area",266840,346,264594,1573,179368,5766,14661,2544,70565,5540,2246,1540
3100000US25620,25620,"Hattiesburg, MS Metro Area",36913,1331,36913,1331,23429,2013,1321,720,12163,1882,0,287
3100000US25740,25740,"Helena, MT Micro Area",16362,1171,16208,1186,12381,1565,1349,921,2478,919,154,144
3100000US25860,25860,"Hickory-Lenoir-Morganton, NC Metro Area",82448,1366,81308,1560,58759,3650,3746,1173,18803,3411,1140,785
3100000US25900,25900,"Hilo, HI Micro Area",38737,322,38609,336,21989,2277,5466,1932,11154,2561,128,145
3100000US25940,25940,"Hilton Head Island-Beaufort, SC Micro Area",38663,1176,38570,1184,26391,2229,1921,1429,10258,2328,93,158
3100000US25980,25980,"Hinesville-Fort Stewart, GA Metro Area",23838,1689,23482,1574,14371,1685,1119,871,7992,2028,356,575
3100000US26100,26100,"Holland-Grand Haven, MI Metro Area",65879,812,65711,832,53108,2381,3507,1703,9096,1921,168,269
3100000US26140,26140,"Homosassa Springs, FL Micro Area",22980,616,22668,773,15239,1914,1717,857,5712,1657,312,400
3100000US26180,26180,"Honolulu, HI Metro Area",198881,321,197753,875,144270,4606,16034,3273,37449,3861,1128,744
3100000US26300,26300,"Hot Springs, AR Metro Area",20841,424,20750,438,13042,1753,1132,594,6576,1618,91,115
3100000US26380,26380,"Houma-Bayou Cane-Thibodaux, LA Metro Area",51660,53,51544,221,32900,2941,3938,1217,14706,2751,116,217
3100000US26420,26420,"Houston-Sugar Land-Baytown, TX Metro Area",1610054,2548,1603019,3439,1111768,16545,112961,9324,378290,14158,7035,2250
3100000US26580,26580,"Huntington-Ashland, WV-KY-OH Metro Area",60791,518,60490,687,40955,2837,5797,1488,13738,2643,301,379
3100000US26620,26620,"Huntsville, AL Metro Area",95329,91,94355,557,66178,3764,4540,1617,23637,3566,974,565
3100000US26820,26820,"Idaho Falls, ID Metro Area",38219,978,38015,1012,31382,1895,1435,676,5198,1644,204,216
3100000US26860,26860,"Indiana, PA Micro Area",15884,365,15733,426,12265,856,720,378,2748,815,151,194
3100000US26900,26900,"Indianapolis-Carmel, IN Metro Area",453618,2236,450535,2784,307228,7202,27656,3870,115651,7643,3083,1558
3100000US26980,26980,"Iowa City, IA Metro Area",32180,220,31771,398,25070,1570,1161,681,5540,1367,409,324
3100000US27060,27060,"Ithaca, NY Metro Area",15237,404,15190,423,11057,1156,756,405,3377,1194,47,79
3100000US27100,27100,"Jackson, MI Metro Area",37687,230,37113,719,27452,2783,911,425,8750,2673,574,673
3100000US27140,27140,"Jackson, MS Metro Area",139325,2184,138625,2255,78052,4155,7023,1865,53550,4570,700,499
3100000US27180,27180,"Jackson, TN Metro Area",27047,959,26628,1130,17930,2049,1855,1087,6843,1751,419,677
3100000US27260,27260,"Jacksonville, FL Metro Area",324123,2562,322430,2875,215321,8248,19918,4165,87191,6712,1693,957
3100000US27340,27340,"Jacksonville, NC Metro Area",45930,372,45613,564,32173,2260,2136,1128,11304,2255,317,426
3100000US27460,27460,"Jamestown-Dunkirk-Fredonia, NY Micro Area",27661,508,27319,600,18871,1687,1800,771,6648,1460,342,299
3100000US27500,27500,"Janesville, WI Metro Area",39395,356,39026,541,26231,1873,3251,1149,9544,1579,369,400
3100000US27620,27620,"Jefferson City, MO Metro Area",33809,863,33466,993,24687,1863,2299,1116,6480,1502,343,405
3100000US27740,27740,"Johnson City, TN Metro Area",40025,516,39895,559,29209,2027,2480,1058,8206,1858,130,238
3100000US27780,27780,"Johnstown, PA Metro Area",28138,345,27692,610,17381,1754,1312,463,8999,1594,446,450
3100000US27860,27860,"Jonesboro, AR Metro Area",29962,1184,29091,1334,18888,2272,919,566,9284,1972,871,736
3100000US27900,27900,"Joplin, MO Metro Area",44413,700,43476,1076,28089,2313,2272,925,13115,2440,937,868
3100000US27980,27980,"Kahului-Wailuku, HI Micro Area",32134,285,32134,285,21698,2207,2460,1442,7976,2045,0,275
3100000US28020,28020,"Kalamazoo-Portage, MI Metro Area",75373,499,75253,532,52021,2701,5979,1652,17253,2613,120,136
3100000US28060,28060,"Kalispell, MT Micro Area",21659,1065,21614,1064,16356,1726,1691,936,3567,1377,45,75
3100000US28100,28100,"Kankakee-Bradley, IL Metro Area",28226,24,28166,109,16139,2345,1345,848,10682,2211,60,106
3100000US28140,28140,"Kansas City, MO-KS Metro Area",509972,3478,506389,3572,354448,8413,32367,3642,119574,7061,3583,1224
3100000US28300,28300,"Keene, NH Micro Area",15272,156,15104,327,10600,1438,2035,1161,2469,1040,168,287
3100000US28420,28420,"Kennewick-Pasco-Richland, WA Metro Area",67271,368,66874,479,46768,3031,7646,2347,12460,2579,397,397
3100000US28580,28580,"Key West, FL Micro Area",11466,427,11346,486,8731,1086,1040,637,1575,713,120,209
3100000US28660,28660,"Killeen-Temple-Fort Hood, TX Metro Area",113320,1739,113032,1770,72609,4992,8998,2882,31425,4211,288,324
3100000US28700,28700,"Kingsport-Bristol-Bristol, TN-VA Metro Area",61864,1713,61534,1810,44059,2493,4890,1504,12585,1993,330,520
3100000US28740,28740,"Kingston, NY Metro Area",36793,678,36495,728,23895,1921,3194,1467,9406,1707,298,372
3100000US28900,28900,"Klamath Falls, OR Micro Area",14913,727,14913,727,10606,1435,1011,629,3296,1028,0,275
3100000US28940,28940,"Knoxville, TN Metro Area",150292,1545,148925,1675,104721,4488,8597,1915,35607,4039,1367,830
3100000US29020,29020,"Kokomo, IN Metro Area",24102,1096,23337,1006,16573,1437,1652,673,5112,1236,765,638
3100000US29100,29100,"La Crosse, WI-MN Metro Area",28409,363,28224,437,21055,1518,1899,789,5270,1509,185,223
3100000US29140,29140,"Lafayette, IN Metro Area",41589,1276,41176,1298,30775,2036,1361,790,9040,1669,413,485
3100000US29180,29180,"Lafayette, LA Metro Area",66428,785,66368,839,38835,2845,4485,1927,23048,3085,60,105
3100000US29340,29340,"Lake Charles, LA Metro Area",48559,748,48464,734,32146,2815,3633,1406,12685,2679,95,117
3100000US29380,29380,"Lake City, FL Micro Area",14517,2678,13954,2592,7879,2404,532,413,5543,2019,563,904
3100000US29420,29420,"Lake Havasu City-Kingman, AZ Metro Area",42383,786,41231,1156,27599,2421,3639,1410,9993,2197,1152,897
3100000US29460,29460,"Lakeland-Winter Haven, FL Metro Area",138354,1406,137319,1452,85515,4693,8569,2127,43235,4745,1035,617
3100000US29540,29540,"Lancaster, PA Metro Area",124853,423,124218,697,97123,2843,5708,1648,21387,2762,635,602
3100000US29580,29580,"Lancaster, SC Micro Area",17706,672,17706,672,11779,1624,1546,1048,4381,1192,0,287
3100000US29620,29620,"Lansing-East Lansing, MI Metro Area",101504,551,100715,699,69062,3264,4837,1221,26816,3538,789,446
3100000US29700,29700,"Laredo, TX Metro Area",87660,1167,86912,1688,57176,4247,4659,1698,25077,3918,748,1182
3100000US29740,29740,"Las Cruces, NM Metro Area",55315,455,55176,532,33142,3127,3585,1660,18449,3159,139,240
3100000US29820,29820,"Las Vegas-Paradise, NV Metro Area",492213,470,488786,1362,328023,8593,45477,5106,115286,8332,3427,1294
3100000US29860,29860,"Laurel, MS Micro Area",23230,1923,23230,1923,14178,1832,2848,2043,6204,2107,0,287
3100000US29940,29940,"Lawrence, KS Metro Area",21721,4,21702,34,16054,1402,1743,1133,3905,883,19,34
3100000US30020,30020,"Lawton, OK Metro Area",30614,515,30439,542,18654,2254,2866,1265,8919,1969,175,195
3100000US30100,30100,"Lebanon, NH-VT Micro Area",33000,462,32341,558,23482,1579,2557,869,6302,1348,659,322
3100000US30140,30140,"Lebanon, PA Metro Area",28768,123,28614,199,22251,1363,2041,840,4322,1089,154,185
3100000US30340,30340,"Lewiston-Auburn, ME Metro Area",24111,442,23848,470,16128,1679,2963,1079,4757,1513,263,222
3100000US30460,30460,"Lexington-Fayette, KY Metro Area",105678,1600,104530,1762,72582,3253,8191,2072,23757,3034,1148,718
3100000US30500,30500,"Lexington Park, MD Micro Area",26209,5,26209,5,18483,2215,2095,1505,5631,1862,0,281
3100000US30620,30620,"Lima, OH Metro Area",25524,121,25423,210,15122,1841,2001,903,8300,1639,101,171
3100000US30700,30700,"Lincoln, NE Metro Area",69709,1016,69684,1012,52884,2626,4598,1813,12202,2314,25,42
3100000US30740,30740,"Lincolnton, NC Micro Area",17939,7,17728,278,12024,1500,1773,1035,3931,1263,211,278
3100000US30780,30780,"Little Rock-North Little Rock-Conway, AR Metro Area",169932,1613,168009,1823,106130,5804,9245,1860,52634,5049,1923,1067
3100000US30860,30860,"Logan, UT-ID Metro Area",39986,907,39700,1073,34943,1506,1497,899,3260,1395,286,455
3100000US30980,30980,"Longview, TX Metro Area",52403,2089,52208,2118,36243,3054,3407,1342,12558,2238,195,316
3100000US31020,31020,"Longview, WA Metro Area",24412,8,23878,497,14528,1791,3222,1439,6128,1441,534,498
3100000US31100,31100,"Los Angeles-Long Beach-Santa Ana, CA Metro Area",3303132,3893,3286410,5245,2233415,24995,282800,14751,770195,22304,16722,3355
3100000US31140,31140,"Louisville-Jefferson County, KY-IN Metro Area",299823,2972,297504,3381,189931,5756,21209,2787,86364,5804,2319,1520
3100000US31180,31180,"Lubbock, TX Metro Area",67546,856,67467,856,43351,3343,5701,2228,18415,3000,79,100
3100000US31260,31260,"Lufkin, TX Micro Area",22115,5,21920,248,11462,2069,1269,821,9189,2044,195,248
3100000US31300,31300,"Lumberton, NC Micro Area",35377,4,35377,4,16432,2611,3198,1628,15747,2689,0,289
3100000US31340,31340,"Lynchburg, VA Metro Area",52516,2198,51817,2305,37054,2849,3005,1360,11758,2196,699,623
3100000US31420,31420,"Macon, GA Metro Area",58449,2813,58123,2821,32047,3370,2966,1114,23110,2953,326,276
3100000US31460,31460,"Madera, CA Metro Area",40969,521,40557,764,27390,3088,2972,1634,10195,2644,412,553
3100000US31540,31540,"Madison, WI Metro Area",123589,330,122955,673,92885,2776,6853,1397,23217,2801,634,575
3100000US31700,31700,"Manchester-Nashua, NH Metro Area",97652,275,96965,575,70344,3306,6596,1964,20025,2917,687,494
3100000US31740,31740,"Manhattan, KS Micro Area",28832,919,28686,911,21410,1910,1619,995,5657,1710,146,191
3100000US31820,31820,"Manitowoc, WI Micro Area",17360,237,17251,317,14333,902,877,604,2041,657,109,192
3100000US31860,31860,"Mankato-North Mankato, MN Micro Area",18938,633,18721,682,13728,1221,1346,723,3647,1129,217,240
3100000US31900,31900,"Mansfield, OH Metro Area",28096,537,27911,583,18152,1681,1338,655,8421,1417,185,230
3100000US31940,31940,"Marinette, WI-MI Micro Area",12872,659,12690,663,9105,882,1015,443,2570,858,182,158
3100000US31980,31980,"Marion, IN Micro Area",14431,381,13984,581,8328,1065,760,519,4896,1137,447,497
3100000US32020,32020,"Marion, OH Micro Area",14567,204,14430,264,7645,1329,2318,1503,4467,1289,137,168
3100000US32100,32100,"Marquette, MI Micro Area",12075,569,12025,578,9689,826,590,386,1746,647,50,86
3100000US32270,32270,"Marshfield-Wisconsin Rapids, WI Micro Area",16145,103,16047,129,12967,867,1157,605,1923,651,98,101
3100000US32300,32300,"Martinsville, VA Micro Area",14226,1369,14095,1408,8115,1352,794,537,5186,1672,131,189
3100000US32420,32420,"Mayagüez, PR Metro Area",23876,1026,23768,1054,11203,1797,1376,823,11189,1833,108,176
3100000US32580,32580,"McAllen-Edinburg-Mission, TX Metro Area",260475,670,260303,726,177222,8498,7094,2158,75987,8294,172,280
3100000US32740,32740,"Meadville, PA Micro Area",19387,80,19281,116,12725,970,2146,717,4410,1024,106,84
3100000US32780,32780,"Medford, OR Metro Area",43086,450,43026,496,28816,2657,3227,1265,10983,2267,60,103
3100000US32820,32820,"Memphis, TN-MS-AR Metro Area",347952,2518,345187,2718,178822,7314,22186,4152,144179,8140,2765,1460
3100000US32900,32900,"Merced, CA Metro Area",76760,183,76571,375,48978,4022,7361,2425,20232,3774,189,217
3100000US32940,32940,"Meridian, MS Micro Area",27355,1322,27247,1343,13457,1755,1200,786,12590,1783,108,187
3100000US33100,33100,"Miami-Fort Lauderdale-Pompano Beach, FL Metro Area",1199653,2109,1192272,2881,749520,14351,95601,8514,347151,13962,7381,2101
3100000US33140,33140,"Michigan City-La Porte, IN Metro Area",25319,63,24752,735,14908,1885,3213,1250,6631,1683,567,735
3100000US33220,33220,"Midland, MI Micro Area",18991,339,18881,372,15421,884,1520,644,1940,675,110,105
3100000US33260,33260,"Midland, TX Metro Area",36117,224,36117,224,27330,2059,1302,734,7485,1832,0,291
3100000US33340,33340,"Milwaukee-Waukesha-West Allis, WI Metro Area",385463,1110,382649,1519,241216,5999,25160,3969,116273,6314,2814,1195
3100000US33460,33460,"Minneapolis-St. Paul-Bloomington, MN-WI Metro Area",809306,1260,803279,2384,605232,9493,52589,4923,145458,7733,6027,2292
3100000US33540,33540,"Missoula, MT Metro Area",22425,773,22425,773,16083,1563,1175,693,5167,1503,0,235
3100000US33660,33660,"Mobile, AL Metro Area",105643,1487,104068,1839,60903,3589,5309,1600,37856,3360,1575,1216
3100000US33700,33700,"Modesto, CA Metro Area",144792,480,144266,697,103406,5069,11321,2764,29539,4335,526,480
3100000US33740,33740,"Monroe, LA Metro Area",44218,1331,44015,1322,23025,2221,1906,854,19084,2325,203,252
3100000US33780,33780,"Monroe, MI Metro Area",35608,954,35608,954,25513,2030,1964,714,8131,1975,0,242
3100000US33860,33860,"Montgomery, AL Metro Area",93683,900,93518,948,53757,3682,5942,2457,33819,3485,165,273
3100000US34060,34060,"Morgantown, WV Metro Area",22717,1157,22487,1227,17533,1700,1651,925,3303,1032,230,343
3100000US34100,34100,"Morristown, TN Metro Area",32012,1357,30925,1642,20765,2013,1580,912,8580,2184,1087,874
3100000US34180,34180,"Moses Lake, WA Micro Area",25328,423,25274,433,17180,1923,2006,1140,6088,2023,54,93
3100000US34340,34340,"Mount Airy, NC Micro Area",16843,417,16682,581,10759,1493,884,463,5039,1493,161,286
3100000US34380,34380,"Mount Pleasant, MI Micro Area",12347,382,12266,387,8100,1019,1326,670,2840,778,81,87
3100000US34580,34580,"Mount Vernon-Anacortes, WA Metro Area",27569,536,27512,527,21488,1778,1155,767,4869,1487,57,98
3100000US34620,34620,"Muncie, IN Metro Area",23114,172,22921,286,14485,1958,3621,1995,4815,1630,193,238
3100000US34740,34740,"Muskegon-Norton Shores, MI Metro Area",42869,510,42116,902,29743,2018,505,286,11868,1721,753,808
3100000US34780,34780,"Muskogee, OK Micro Area",17339,121,17202,277,10870,1105,930,748,5402,987,137,250
3100000US34820,34820,"Myrtle Beach-North Myrtle Beach-Conway, SC Metro Area",54991,287,54140,733,34123,2340,3740,1466,16277,2302,851,748
3100000US34900,34900,"Napa, CA Metro Area",30018,298,29939,337,22450,1955,2180,1082,5309,1614,79,139
3100000US34940,34940,"Naples-Marco Island, FL Metro Area",64092,313,63219,1003,45879,3125,3680,1962,13660,3190,873,943
3100000US34980,34980,"Nashville-Davidson--Murfreesboro--Franklin, TN Metro Area",384620,2104,382801,2215,267129,7696,24624,4024,91048,7117,1819,905
3100000US35100,35100,"New Bern, NC Micro Area",28475,994,27570,1332,18814,1993,909,515,7847,1612,905,871
3100000US35260,35260,"New Castle, PA Micro Area",18980,167,18887,239,13324,1005,687,408,4876,950,93,164
3100000US35300,35300,"New Haven-Milford, CT Metro Area",194392,444,193273,884,126468,4792,10389,2690,56416,4556,1119,770
3100000US35340,35340,"New Iberia, LA Micro Area",20466,366,20466,366,11575,2203,1511,1115,7380,2172,0,277
3100000US35380,35380,"New Orleans-Metairie-Kenner, LA Metro Area",266624,876,264589,1350,156559,5862,18744,3496,89286,5590,2035,996
3100000US35420,35420,"New Philadelphia-Dover, OH Micro Area",21407,150,21090,427,16655,1526,710,369,3725,1426,317,412
3100000US35620,35620,"New York-Northern New Jersey-Long Island, NY-NJ-PA Metro Area",4411726,5695,4396686,5967,2968697,21728,251995,13519,1175994,20977,15040,3045
3100000US35660,35660,"Niles-Benton Harbor, MI Metro Area",38199,312,38118,320,23427,1828,2292,724,12399,1697,81,90
3100000US35900,35900,"North Wilkesboro, NC Micro Area",15496,579,15327,608,11321,1691,979,635,3027,1463,169,186
3100000US35980,35980,"Norwich-New London, CT Metro Area",60013,515,59635,659,41026,2994,2844,1236,15765,2896,378,440
3100000US36020,36020,"Oak Harbor, WA Micro Area",17501,102,17124,366,12785,1346,1137,730,3202,1149,377,347
3100000US36100,36100,"Ocala, FL Metro Area",65555,268,65019,524,38169,3333,6081,2438,20769,3096,536,436
3100000US36140,36140,"Ocean City, NJ Metro Area",19043,5,18885,126,13068,1510,824,460,4993,1463,158,126
3100000US36220,36220,"Odessa, TX Metro Area",39405,190,39219,286,22398,2758,4689,1891,12132,2332,186,295
3100000US36260,36260,"Ogden-Clearfield, UT Metro Area",165028,2322,164080,2469,136608,3525,7487,2020,19985,3485,948,590
3100000US36300,36300,"Ogdensburg-Massena, NY Micro Area",21524,488,21221,542,14465,1467,1763,611,4993,1205,303,267
3100000US36420,36420,"Oklahoma City, OK Metro Area",301021,1284,297431,2085,206789,6531,20688,3547,69954,5624,3590,1504
3100000US36460,36460,"Olean, NY Micro Area",17339,473,17226,480,11724,1160,1677,646,3825,996,113,121
3100000US36500,36500,"Olympia, WA Metro Area",52642,1431,51804,1528,35593,2997,2879,1022,13332,2847,838,517
3100000US36540,36540,"Omaha-Council Bluffs, NE-IA Metro Area",223295,1497,221518,2068,159174,4984,17386,3247,44958,4735,1777,1157
3100000US36660,36660,"Opelousas-Eunice, LA Micro Area",24213,566,24213,566,15008,2214,476,325,8729,2105,0,277
3100000US36700,36700,"Orangeburg, SC Micro Area",21488,3,21488,3,10461,1760,919,784,10108,1827,0,287
3100000US36740,36740,"Orlando-Kissimmee, FL Metro Area",487691,817,485039,1439,315588,9377,36059,4931,133392,8386,2652,1259
3100000US36780,36780,"Oshkosh-Neenah, WI Metro Area",34582,536,34447,544,27643,1403,1769,919,5035,1213,135,141
3100000US36860,36860,"Ottawa-Streator, IL Micro Area",34232,688,33830,773,25398,1419,2787,1143,5645,1329,402,378
3100000US36980,36980,"Owensboro, KY Metro Area",26070,1011,25615,1105,17445,1699,2655,1187,5515,1595,455,449
3100000US37020,37020,"Owosso, MI Micro Area",16991,420,16813,419,10516,1371,1539,759,4758,1422,178,139
3100000US37100,37100,"Oxnard-Thousand Oaks-Ventura, CA Metro Area",206277,758,204850,1134,154688,5660,13253,3133,36909,4809,1427,834
3100000US37140,37140,"Paducah, KY-IL Micro Area",21140,1120,20889,1178,14338,1669,1718,685,4833,1181,251,313
3100000US37260,37260,"Palatka, FL Micro Area",17133,4,16978,266,10349,2007,1419,987,5210,1707,155,265
3100000US37340,37340,"Palm Bay-Melbourne-Titusville, FL Metro Area",106638,654,105749,833,70785,3763,11244,2438,23720,3582,889,542
3100000US37380,37380,"Palm Coast, FL Metro Area",16995,276,16995,276,12292,1256,1654,1014,3049,1064,0,305
3100000US37460,37460,"Panama City-Lynn Haven, FL Metro Area",37449,274,37273,388,24501,2697,2192,1215,10580,2822,176,283
3100000US37620,37620,"Parkersburg-Marietta-Vienna, WV-OH Metro Area",33357,800,33237,793,22694,1837,3206,1266,7337,1479,120,123
3100000US37700,37700,"Pascagoula, MS Metro Area",42112,1402,42064,1400,31668,2461,2073,1266,8323,1985,48,85
3100000US37820,37820,"Pendleton-Hermiston, OR Micro Area",21538,1261,21182,1370,14185,2211,1898,957,5099,1778,356,464
3100000US37860,37860,"Pensacola-Ferry Pass-Brent, FL Metro Area",100716,1451,99972,1514,61999,3945,5275,1874,32698,3815,744,467
3100000US37900,37900,"Peoria, IL Metro Area",87387,1251,87151,1245,58852,3458,5453,1546,22846,3140,236,160
3100000US37980,37980,"Philadelphia-Camden-Wilmington, PA-NJ-DE-MD Metro Area",1388163,2111,1379620,3005,917743,10630,94197,7313,367680,9704,8543,2365
3100000US38060,38060,"Phoenix-Mesa-Scottsdale, AZ Metro Area",1165599,1937,1155129,3380,781882,13044,97755,7658,275492,13309,10470,2733
3100000US38220,38220,"Pine Bluff, AR Metro Area",23670,601,23670,601,10290,1389,1752,922,11628,1391,0,269
3100000US38300,38300,"Pittsburgh, PA Metro Area",480670,1401,476998,1971,329603,7140,30228,4232,117167,6983,3672,1375
3100000US38340,38340,"Pittsfield, MA Metro Area",24782,344,24560,435,15462,1608,2720,1198,6378,1487,222,288
3100000US38460,38460,"Plattsburgh, NY Micro Area",15116,450,14853,493,11289,1089,961,566,2603,939,263,243
3100000US38540,38540,"Pocatello, ID Metro Area",25159,799,25023,812,20150,1305,1215,651,3658,1055,136,137
3100000US38660,38660,"Ponce, PR Metro Area",65601,1550,65229,1481,31270,3134,4637,1338,29322,2903,372,629
3100000US38820,38820,"Port Angeles, WA Micro Area",13359,231,13319,240,8168,1174,680,509,4471,1138,40,70
3100000US38860,38860,"Portland-South Portland-Biddeford, ME Metro Area",110446,269,109379,685,76350,3660,8051,2032,24978,3330,1067,612
3100000US38900,38900,"Portland-Vancouver-Beaverton, OR-WA Metro Area",531824,1387,528094,1902,388872,9198,34242,5933,104980,6966,3730,1276
3100000US38940,38940,"Port St. Lucie, FL Metro Area",84829,403,84486,495,57434,3572,8256,2369,18796,2983,343,319
3100000US39020,39020,"Portsmouth, OH Micro Area",17634,665,17478,663,12692,1442,1492,651,3294,1062,156,245
3100000US39060,39060,"Pottsville, PA Micro Area",28297,82,27881,379,19564,1554,2350,841,5967,1178,416,356
3100000US39100,39100,"Poughkeepsie-Newburgh-Middletown, NY Metro Area",163936,470,162975,972,126940,3610,10906,2875,25129,3579,961,725
3100000US39140,39140,"Prescott, AZ Metro Area",43205,932,42988,991,29244,2705,2181,963,11563,2632,217,354
3100000US39300,39300,"Providence-New Bedford-Fall River, RI-MA Metro Area",349815,1718,347432,1939,225598,6951,23787,3978,98047,6565,2383,910
3100000US39340,39340,"Provo-Orem, UT Metro Area",187930,1573,187707,1607,163846,4320,5671,1915,18190,3881,223,222
3100000US39380,39380,"Pueblo, CO Metro Area",37125,840,36750,1007,21778,2494,4820,2469,10152,2121,375,407
3100000US39460,39460,"Punta Gorda, FL Metro Area",24001,458,23619,595,15503,2035,3019,1305,5097,1762,382,417
3100000US39500,39500,"Quincy, IL-MO Micro Area",17740,679,17740,679,12296,1188,1442,697,4002,1012,0,271
3100000US39540,39540,"Racine, WI Metro Area",49065,649,48919,682,35324,1937,1924,835,11671,1836,146,166
3100000US39580,39580,"Raleigh-Cary, NC Metro Area",283630,1654,282569,1765,210651,6544,16237,3858,55681,6114,1061,770
3100000US39660,39660,"Rapid City, SD Metro Area",29871,963,29532,989,18132,2131,1650,941,9750,2199,339,390
3100000US39740,39740,"Reading, PA Metro Area",94800,432,94166,596,60648,3288,8431,1915,25087,3234,634,450
3100000US39820,39820,"Redding, CA Metro Area",39493,393,39019,663,25232,2095,3808,1540,9979,1841,474,561
3100000US39900,39900,"Reno-Sparks, NV Metro Area",100093,576,98896,787,67439,4423,9213,2608,22244,3906,1197,580
3100000US39980,39980,"Richmond, IN Micro Area",15230,217,15016,258,8290,1250,540,394,6186,1219,214,213
3100000US40060,40060,"Richmond, VA Metro Area",285918,4277,282891,4568,184097,6441,15578,2694,83216,5465,3027,1405
3100000US40080,40080,"Richmond-Berea, KY Micro Area",22013,1331,22013,1331,16978,1764,1104,526,3931,1116,0,271
3100000US40140,40140,"Riverside-San Bernardino-Ontario, CA Metro Area",1170928,2027,1164129,2566,808531,14782,95394,9517,260204,13628,6799,1926
3100000US40220,40220,"Roanoke, VA Metro Area",62772,1536,61626,1594,40642,2851,3864,1633,17120,2720,1146,713
3100000US40260,40260,"Roanoke Rapids, NC Micro Area",17942,911,17684,1077,9233,1510,332,276,8119,1352,258,383
3100000US40340,40340,"Rochester, MN Metro Area",45993,254,45815,319,36223,1913,2943,1144,6649,1931,178,176
3100000US40380,40380,"Rochester, NY Metro Area",228037,797,226235,1008,150196,4852,14282,2761,61757,4118,1802,692
3100000US40420,40420,"Rockford, IL Metro Area",89366,496,88068,1129,57977,3252,5134,1736,24957,3098,1298,1055
3100000US40580,40580,"Rocky Mount, NC Metro Area",35751,536,35500,590,19458,1950,2297,1300,13745,1957,251,247
3100000US40660,40660,"Rome, GA Metro Area",24043,223,23405,697,14922,1773,926,779,7557,1737,638,671
3100000US40700,40700,"Roseburg, OR Micro Area",21150,427,20934,514,12911,2068,1262,775,6761,2190,216,206
3100000US40740,40740,"Roswell, NM Micro Area",17594,1753,17594,1753,9091,1728,2249,1104,6254,1996,0,279
3100000US40780,40780,"Russellville, AR Micro Area",17801,1298,17787,1298,12676,1374,1352,784,3759,1290,14,27
3100000US40900,40900,"Sacramento--Arden-Arcade--Roseville, CA Metro Area",518198,1114,514165,2378,360792,8081,41780,4408,111593,7751,4033,1917
3100000US40980,40980,"Saginaw-Saginaw Township North, MI Metro Area",48138,218,48017,246,28094,2040,2579,981,17344,2285,121,104
3100000US41060,41060,"St. Cloud, MN Metro Area",42063,574,41532,672,32450,1510,2835,1007,6247,1472,531,413
3100000US41100,41100,"St. George, UT Metro Area",40116,194,39149,1184,34373,2172,2165,1402,2611,1101,967,1176
3100000US41140,41140,"St. Joseph, MO-KS Metro Area",27727,1175,27290,1143,20066,1843,2193,945,5031,1125,437,337
3100000US41180,41180,"St. Louis, MO-IL Metro Area",675250,2611,668890,3038,444168,8034,46435,4981,178287,7442,6360,1929
3100000US41420,41420,"Salem, OR Metro Area",100402,247,100201,290,71870,3871,6598,2022,21733,3535,201,172
3100000US41500,41500,"Salinas, CA Metro Area",111408,209,110457,695,74538,5174,14026,3367,21893,4243,951,667
3100000US41540,41540,"Salisbury, MD Metro Area",26217,1239,26011,1286,17158,1719,2122,1049,6731,1646,206,217
3100000US41580,41580,"Salisbury, NC Micro Area",32542,46,32088,410,20757,1856,3537,1267,7794,1747,454,410
3100000US41620,41620,"Salt Lake City, UT Metro Area",329272,1476,327763,1590,259588,6996,19932,3674,48243,5591,1509,719
3100000US41660,41660,"San Angelo, TX Metro Area",27282,622,27158,644,17410,1726,1771,939,7977,1773,124,141
3100000US41700,41700,"San Antonio, TX Metro Area",560243,3083,557297,3330,363578,10779,41522,5122,152197,10482,2946,1523
3100000US41740,41740,"San Diego-Carlsbad-San Marcos, CA Metro Area",742592,1057,737169,2535,515336,10643,55397,6703,166436,10020,5423,2132
3100000US41780,41780,"Sandusky, OH Metro Area",17061,248,17061,248,12337,1021,616,429,4108,953,0,265
3100000US41860,41860,"San Francisco-Oakland-Fremont, CA Metro Area",919850,1849,914756,2240,658902,10893,59564,7703,196290,10526,5094,1623
3100000US41900,41900,"San Germán-Cabo Rojo, PR Metro Area",34970,1687,34743,1690,18345,2187,4175,1923,12223,1975,227,284
3100000US41940,41940,"San Jose-Sunnyvale-Santa Clara, CA Metro Area",441655,1339,440030,1741,336200,7709,31986,4973,71844,6359,1625,955
3100000US41980,41980,"San Juan-Caguas-Guaynabo, PR Metro Area",644726,2550,641555,2784,316140,8493,46519,4407,278896,9223,3171,1280
3100000US42020,42020,"San Luis Obispo-Paso Robles, CA Metro Area",49327,572,48906,675,36246,2445,2998,1171,9662,2301,421,364
3100000US42060,42060,"Santa Barbara-Santa Maria-Goleta, CA Metro Area",94953,508,94388,673,68778,3847,7288,2423,18322,3133,565,462
3100000US42100,42100,"Santa Cruz-Watsonville, CA Metro Area",54197,365,53807,577,38237,3175,3144,1087,12426,3112,390,515
3100000US42140,42140,"Santa Fe, NM Metro Area",29783,246,29579,389,18033,2020,3661,1370,7885,1747,204,324
3100000US42220,42220,"Santa Rosa-Petaluma, CA Metro Area",100764,2239,100476,2262,67262,4347,8325,2663,24889,4237,288,286
3100000US42340,42340,"Savannah, GA Metro Area",85254,1125,83873,1625,50736,3083,4262,1732,28875,3123,1381,1125
3100000US42540,42540,"Scranton--Wilkes-Barre, PA Metro Area",111080,480,110275,661,74931,3170,7873,1985,27471,2781,805,444
3100000US42580,42580,"Seaford, DE Micro Area",40652,190,39831,668,24072,2611,3793,1618,11966,2183,821,655
3100000US42620,42620,"Searcy, AR Micro Area",17828,429,17715,460,11181,1443,698,501,5836,1509,113,191
3100000US42660,42660,"Seattle-Tacoma-Bellevue, WA Metro Area",768329,1218,761577,2208,560865,9896,56218,5741,144494,8572,6752,1709
3100000US42680,42680,"Sebastian-Vero Beach, FL Metro Area",25176,256,24377,783,15747,1847,1227,870,7403,1611,799,754
3100000US42700,42700,"Sebring, FL Micro Area",18566,38,18566,38,12622,1586,2830,1174,3114,1124,0,305
3100000US42860,42860,"Seneca, SC Micro Area",15226,112,14936,409,9736,1477,732,787,4468,1424,290,406
3100000US42940,42940,"Sevierville, TN Micro Area",18864,512,18864,512,13535,1482,935,545,4394,1455,0,281
3100000US43060,43060,"Shawnee, OK Micro Area",16860,97,16626,171,10946,1368,627,563,5053,1337,234,174
3100000US43100,43100,"Sheboygan, WI Metro Area",26570,521,26250,632,21603,1269,707,484,3940,1257,320,273
3100000US43140,43140,"Shelby, NC Micro Area",23183,109,22791,508,11075,1515,3035,1038,8681,1448,392,483
3100000US43300,43300,"Sherman-Denison, TX Metro Area",28732,305,28689,289,18907,2012,1832,908,7950,1823,43,82
3100000US43320,43320,"Show Low, AZ Micro Area",33363,116,33363,116,19453,2689,3470,1610,10440,2217,0,302
3100000US43340,43340,"Shreveport-Bossier City, LA Metro Area",100100,1167,99185,1425,49592,3481,6640,1852,42953,3691,915,619
3100000US43420,43420,"Sierra Vista-Douglas, AZ Micro Area",30603,331,30539,348,20010,1781,2540,1263,7989,1553,64,81
3100000US43580,43580,"Sioux City, IA-NE-SD Metro Area",39644,712,39003,840,27195,2882,3961,1859,7847,2126,641,559
3100000US43620,43620,"Sioux Falls, SD Metro Area",59251,908,58991,923,43727,2544,2609,1174,12655,2465,260,236
3100000US43740,43740,"Somerset, PA Micro Area",14652,262,14634,265,11146,1098,688,371,2800,995,18,30
3100000US43780,43780,"South Bend-Mishawaka, IN-MI Metro Area",78397,693,77672,891,51990,2825,6202,1692,19480,2632,725,445
3100000US43860,43860,"Southern Pines-Pinehurst, NC Micro Area",18591,254,18162,504,12591,1493,1192,673,4379,1325,429,438
3100000US43900,43900,"Spartanburg, SC Metro Area",66991,140,66758,353,44273,2780,4446,1488,18039,2967,233,327
3100000US44060,44060,"Spokane, WA Metro Area",107922,227,107024,529,75142,3627,7799,1941,24083,3426,898,526
3100000US44100,44100,"Springfield, IL Metro Area",48211,920,47857,968,33141,1915,3141,1060,11575,2105,354,250
3100000US44140,44140,"Springfield, MA Metro Area",147352,1042,146756,1048,91487,3402,11085,2476,44184,3625,596,419
3100000US44180,44180,"Springfield, MO Metro Area",99171,1212,98752,1175,71670,3624,8040,2215,19042,3304,419,316
3100000US44220,44220,"Springfield, OH Metro Area",32444,87,31986,374,20776,1471,2605,992,8605,1599,458,349
3100000US44300,44300,"State College, PA Metro Area",23182,396,23082,423,17896,1417,1146,509,4040,1330,100,125
3100000US44340,44340,"Statesboro, GA Micro Area",14586,578,14274,738,10335,1613,495,405,3444,1513,312,366
3100000US44380,44380,"Statesville-Mooresville, NC Micro Area",38681,160,38681,160,29419,1942,1941,1096,7321,1787,0,289
3100000US44420,44420,"Staunton-Waynesboro, VA Micro Area",23531,2401,23531,2401,16993,2321,1618,948,4920,1682,0,285
3100000US44620,44620,"Stevens Point, WI Micro Area",14293,115,14252,128,11825,900,752,411,1675,794,41,54
3100000US44660,44660,"Stillwater, OK Micro Area",15020,630,15020,630,10722,1319,1589,1002,2709,973,0,248
3100000US44700,44700,"Stockton, CA Metro Area",193584,702,191704,1334,123565,4849,15456,3039,52683,5186,1880,1149
3100000US44940,44940,"Sumter, SC Metro Area",27369,235,26987,410,13593,1985,1578,921,11816,1925,382,356
3100000US44980,44980,"Sunbury, PA Micro Area",18036,346,17394,497,11890,1201,1922,724,3582,995,642,362
3100000US45060,45060,"Syracuse, NY Metro Area",142991,683,141314,1286,93630,3497,12562,2133,35122,3229,1677,987
3100000US45180,45180,"Talladega-Sylacauga, AL Micro Area",18499,305,18290,317,11936,1464,545,451,5809,1433,209,247
3100000US45220,45220,"Tallahassee, FL Metro Area",75045,942,74830,989,44070,2776,5506,1980,25254,3043,215,227
3100000US45300,45300,"Tampa-St. Petersburg-Clearwater, FL Metro Area",590654,1702,583712,2984,364134,9032,52320,5981,167258,7750,6942,2573
3100000US45460,45460,"Terre Haute, IN Metro Area",35959,1391,35226,1405,24442,2034,3102,1352,7682,1724,733,450
3100000US45500,45500,"Texarkana, TX-Texarkana, AR Metro Area",32634,315,32536,343,20925,1720,289,267,11322,1835,98,132
3100000US45540,45540,"The Villages, FL Micro Area",11236,30,11169,129,7743,1273,872,845,2554,995,67,124
3100000US45640,45640,"Thomasville-Lexington, NC Micro Area",37176,484,36683,667,27156,2314,2687,1218,6840,1889,493,529
3100000US45780,45780,"Toledo, OH Metro Area",152684,734,151591,1104,96349,4183,12327,2462,42915,4069,1093,833
3100000US45820,45820,"Topeka, KS Metro Area",56505,1120,56394,1134,35463,2763,4061,1356,16870,2409,111,108
3100000US45860,45860,"Torrington, CT Micro Area",39769,807,39252,1029,31649,1794,1966,1088,5637,1595,517,659
3100000US45900,45900,"Traverse City, MI Micro Area",31543,1011,31119,1019,22206,1400,2641,1010,6272,1179,424,351
3100000US45940,45940,"Trenton-Ewing, NJ Metro Area",83686,3,83003,723,61102,2903,4214,1581,17687,2892,683,723
3100000US46020,46020,"Truckee-Grass Valley, CA Micro Area",17142,462,17063,489,13047,1298,1011,839,3005,1055,79,137
3100000US46060,46060,"Tucson, AZ Metro Area",238900,377,236344,1372,148124,7823,16949,2745,71271,8103,2556,1276
3100000US46100,46100,"Tullahoma, TN Micro Area",21840,655,21589,689,14601,1903,581,444,6407,1981,251,181
3100000US46140,46140,"Tulsa, OK Metro Area",234728,2030,233339,2286,160994,5584,16936,2946,55409,5591,1389,842
3100000US46180,46180,"Tupelo, MS Micro Area",34696,2568,34632,2560,20307,2246,3116,1450,11209,1957,64,108
3100000US46220,46220,"Tuscaloosa, AL Metro Area",48660,1977,48660,1977,31583,2843,1356,681,15721,2942,0,271
3100000US46300,46300,"Twin Falls, ID Micro Area",25186,2115,25186,2115,18945,2385,1158,825,5083,1465,0,259
3100000US46340,46340,"Tyler, TX Metro Area",50851,320,50809,312,34480,3220,3438,1637,12891,3096,42,84
3100000US46380,46380,"Ukiah, CA Micro Area",18989,339,18883,367,11957,2018,2741,1440,4185,1364,106,166
3100000US46540,46540,"Utica-Rome, NY Metro Area",62079,437,61776,487,38742,2333,5315,1369,17719,2327,303,281
3100000US46660,46660,"Valdosta, GA Metro Area",34719,894,34595,904,22926,2048,1456,748,10213,2050,124,157
3100000US46700,46700,"Vallejo-Fairfield, CA Metro Area",102606,73,101096,1100,72062,3761,8492,2779,20542,3484,1510,1097
3100000US47020,47020,"Victoria, TX Metro Area",30153,1798,29823,1756,18883,2634,3043,1465,7897,1777,330,364
3100000US47220,47220,"Vineland-Millville-Bridgeton, NJ Metro Area",38356,198,38165,238,22079,2520,5041,1866,11045,2052,191,194
3100000US47260,47260,"Virginia Beach-Norfolk-Newport News, VA-NC Metro Area",411339,2159,408017,2396,261338,7883,23219,4339,123460,6996,3322,1158
3100000US47300,47300,"Visalia-Porterville, CA Metro Area",135327,119,134207,1159,91119,4482,12144,3244,30944,4312,1120,1158
3100000US47380,47380,"Waco, TX Metro Area",58414,766,57792,968,35264,3287,5099,1736,17429,3027,622,633
3100000US47580,47580,"Warner Robins, GA Metro Area",35742,111,35636,165,24486,2473,2372,1174,8778,2185,106,177
3100000US47700,47700,"Warsaw, IN Micro Area",19593,462,19492,471,14271,1358,2101,1031,3120,1094,101,122
3100000US47900,47900,"Washington-Arlington-Alexandria, DC-VA-MD-WV Metro Area",1294132,2233,1288237,2657,920498,11535,77588,6996,290151,10760,5895,1534
3100000US47940,47940,"Waterloo-Cedar Falls, IA Metro Area",35391,1241,35093,1247,24256,1906,3103,1247,7734,1340,298,435
3100000US48020,48020,"Watertown-Fort Atkinson, WI Micro Area",18509,348,18302,465,13664,1305,1163,484,3475,1124,207,290
3100000US48060,48060,"Watertown-Fort Drum, NY Micro Area",28634,552,27754,992,20489,1720,1701,755,5564,1255,880,933
3100000US48140,48140,"Wausau, WI Metro Area",30888,350,30733,406,23734,1436,2303,805,4696,1353,155,193
3100000US48260,48260,"Weirton-Steubenville, WV-OH Metro Area",23862,11,23653,312,16608,1213,1290,528,5755,1171,209,311
3100000US48300,48300,"Wenatchee, WA Metro Area",27689,514,27473,550,19525,1859,1768,930,6180,1736,216,268
3100000US48540,48540,"Wheeling, WV-OH Metro Area",28015,1102,27835,1122,18691,1961,3332,1089,5812,1530,180,223
3100000US48580,48580,"Whitewater, WI Micro Area",22365,383,22347,386,17799,1212,475,294,4073,1320,18,31
3100000US48620,48620,"Wichita, KS Metro Area",160982,1048,158924,1813,107299,4710,10376,2468,41249,3969,2058,1278
3100000US48660,48660,"Wichita Falls, TX Metro Area",36860,1034,36286,1183,24896,1898,2340,1151,9050,1509,574,531
3100000US48700,48700,"Williamsport, PA Metro Area",24313,313,24207,321,15876,1340,1676,786,6655,1154,106,129
3100000US48740,48740,"Willimantic, CT Micro Area",25516,471,25516,471,18101,1683,1458,599,5957,1526,0,275
3100000US48900,48900,"Wilmington, NC Metro Area",73088,1568,72228,1635,46437,3347,5031,1809,20760,3795,860,581
3100000US48980,48980,"Wilson, NC Micro Area",19181,96,18716,518,10125,1615,1140,856,7451,1653,465,508
3100000US49020,49020,"Winchester, VA-WV Metro Area",28178,1908,28139,1887,18218,2071,2204,945,7717,2029,39,69
3100000US49180,49180,"Winston-Salem, NC Metro Area",113090,932,112531,1021,77738,4313,5939,2133,28854,4424,559,393
3100000US49300,49300,"Wooster, OH Micro Area",28530,153,28450,205,22027,1355,2147,1102,4276,1262,80,133
3100000US49340,49340,"Worcester, MA Metro Area",184317,405,183415,722,136496,3760,9952,2045,36967,3492,902,598
3100000US49420,49420,"Yakima, WA Metro Area",70869,844,70048,1056,42891,3944,7183,2623,19974,3463,821,603
3100000US49500,49500,"Yauco, PR Metro Area",31724,1337,31724,1337,18855,2389,1844,835,11025,2192,0,289
3100000US49620,49620,"York-Hanover, PA Metro Area",96553,438,94915,1194,66915,3548,8221,2024,19779,2968,1638,1155
3100000US49660,49660,"Youngstown-Warren-Boardman, OH-PA Metro Area",121821,575,120991,689,73082,3826,8948,2431,38961,3622,830,479
3100000US49700,49700,"Yuba City, CA Metro Area",45886,253,45592,389,31326,2523,3709,1139,10557,2377,294,293
3100000US49740,49740,"Yuma, AZ Metro Area",54536,249,54312,372,31696,3183,6575,2658,16041,3351,224,271
3100000US49780,49780,"Zanesville, OH Micro Area",20074,201,20022,239,14687,1736,1242,891,4093,1486,52,95
